1,이재혁1,nespot21@gmail.com
2,이재혁2,nespot22@gmail.com
3,이재혁3,nespot23@gmail.com
4,이재혁4,nespot24@gmail.com
5,이재혁5,nespot25@gmail.com
6,이재혁6,nespot26@gmail.com
7,이재혁7,nespot27@gmail.com
8,이재혁8,nespot28@gmail.com
9,이재혁9,nespot29@gmail.com
10,이재혁10,nespot210@gmail.com
11,이재혁11,nespot211@gmail.com
12,이재혁12,nespot212@gmail.com
13,이재혁13,nespot213@gmail.com
14,이재혁14,nespot214@gmail.com
15,이재혁15,nespot215@gmail.com
16,이재혁16,nespot216@gmail.com
17,이재혁17,nespot217@gmail.com
18,이재혁18,nespot218@gmail.com
19,이재혁19,nespot219@gmail.com
20,이재혁20,nespot220@gmail.com
21,이재혁21,nespot221@gmail.com
22,이재혁22,nespot222@gmail.com
23,이재혁23,nespot223@gmail.com
24,이재혁24,nespot224@gmail.com
25,이재혁25,nespot225@gmail.com
26,이재혁26,nespot226@gmail.com
27,이재혁27,nespot227@gmail.com
28,이재혁28,nespot228@gmail.com
29,이재혁29,nespot229@gmail.com
30,이재혁30,nespot230@gmail.com
31,이재혁31,nespot231@gmail.com
32,이재혁32,nespot232@gmail.com
33,이재혁33,nespot233@gmail.com
34,이재혁34,nespot234@gmail.com
35,이재혁35,nespot235@gmail.com
36,이재혁36,nespot236@gmail.com
37,이재혁37,nespot237@gmail.com
38,이재혁38,nespot238@gmail.com
39,이재혁39,nespot239@gmail.com
40,이재혁40,nespot240@gmail.com
41,이재혁41,nespot241@gmail.com
42,이재혁42,nespot242@gmail.com
43,이재혁43,nespot243@gmail.com
44,이재혁44,nespot244@gmail.com
45,이재혁45,nespot245@gmail.com
46,이재혁46,nespot246@gmail.com
47,이재혁47,nespot247@gmail.com
48,이재혁48,nespot248@gmail.com
49,이재혁49,nespot249@gmail.com
50,이재혁50,nespot250@gmail.com
51,이재혁51,nespot251@gmail.com
52,이재혁52,nespot252@gmail.com
53,이재혁53,nespot253@gmail.com
54,이재혁54,nespot254@gmail.com
55,이재혁55,nespot255@gmail.com
56,이재혁56,nespot256@gmail.com
57,이재혁57,nespot257@gmail.com
58,이재혁58,nespot258@gmail.com
59,이재혁59,nespot259@gmail.com
60,이재혁60,nespot260@gmail.com
61,이재혁61,nespot261@gmail.com
62,이재혁62,nespot262@gmail.com
63,이재혁63,nespot263@gmail.com
64,이재혁64,nespot264@gmail.com
65,이재혁65,nespot265@gmail.com
66,이재혁66,nespot266@gmail.com
67,이재혁67,nespot267@gmail.com
68,이재혁68,nespot268@gmail.com
69,이재혁69,nespot269@gmail.com
70,이재혁70,nespot270@gmail.com
71,이재혁71,nespot271@gmail.com
72,이재혁72,nespot272@gmail.com
73,이재혁73,nespot273@gmail.com
74,이재혁74,nespot274@gmail.com
75,이재혁75,nespot275@gmail.com
76,이재혁76,nespot276@gmail.com
77,이재혁77,nespot277@gmail.com
78,이재혁78,nespot278@gmail.com
79,이재혁79,nespot279@gmail.com
80,이재혁80,nespot280@gmail.com
81,이재혁81,nespot281@gmail.com
82,이재혁82,nespot282@gmail.com
83,이재혁83,nespot283@gmail.com
84,이재혁84,nespot284@gmail.com
85,이재혁85,nespot285@gmail.com
86,이재혁86,nespot286@gmail.com
87,이재혁87,nespot287@gmail.com
88,이재혁88,nespot288@gmail.com
89,이재혁89,nespot289@gmail.com
90,이재혁90,nespot290@gmail.com
91,이재혁91,nespot291@gmail.com
92,이재혁92,nespot292@gmail.com
93,이재혁93,nespot293@gmail.com
94,이재혁94,nespot294@gmail.com
95,이재혁95,nespot295@gmail.com
96,이재혁96,nespot296@gmail.com
97,이재혁97,nespot297@gmail.com
98,이재혁98,nespot298@gmail.com
99,이재혁99,nespot299@gmail.com
100,이재혁100,nespot2100@gmail.com
101,이재혁101,nespot2101@gmail.com
102,이재혁102,nespot2102@gmail.com
103,이재혁103,nespot2103@gmail.com
104,이재혁104,nespot2104@gmail.com
105,이재혁105,nespot2105@gmail.com
106,이재혁106,nespot2106@gmail.com
107,이재혁107,nespot2107@gmail.com
108,이재혁108,nespot2108@gmail.com
109,이재혁109,nespot2109@gmail.com
110,이재혁110,nespot2110@gmail.com
111,이재혁111,nespot2111@gmail.com
112,이재혁112,nespot2112@gmail.com
113,이재혁113,nespot2113@gmail.com
114,이재혁114,nespot2114@gmail.com
115,이재혁115,nespot2115@gmail.com
116,이재혁116,nespot2116@gmail.com
117,이재혁117,nespot2117@gmail.com
118,이재혁118,nespot2118@gmail.com
119,이재혁119,nespot2119@gmail.com
120,이재혁120,nespot2120@gmail.com
121,이재혁121,nespot2121@gmail.com
122,이재혁122,nespot2122@gmail.com
123,이재혁123,nespot2123@gmail.com
124,이재혁124,nespot2124@gmail.com
125,이재혁125,nespot2125@gmail.com
126,이재혁126,nespot2126@gmail.com
127,이재혁127,nespot2127@gmail.com
128,이재혁128,nespot2128@gmail.com
129,이재혁129,nespot2129@gmail.com
130,이재혁130,nespot2130@gmail.com
131,이재혁131,nespot2131@gmail.com
132,이재혁132,nespot2132@gmail.com
133,이재혁133,nespot2133@gmail.com
134,이재혁134,nespot2134@gmail.com
135,이재혁135,nespot2135@gmail.com
136,이재혁136,nespot2136@gmail.com
137,이재혁137,nespot2137@gmail.com
138,이재혁138,nespot2138@gmail.com
139,이재혁139,nespot2139@gmail.com
140,이재혁140,nespot2140@gmail.com
141,이재혁141,nespot2141@gmail.com
142,이재혁142,nespot2142@gmail.com
143,이재혁143,nespot2143@gmail.com
144,이재혁144,nespot2144@gmail.com
145,이재혁145,nespot2145@gmail.com
146,이재혁146,nespot2146@gmail.com
147,이재혁147,nespot2147@gmail.com
148,이재혁148,nespot2148@gmail.com
149,이재혁149,nespot2149@gmail.com
150,이재혁150,nespot2150@gmail.com
151,이재혁151,nespot2151@gmail.com
152,이재혁152,nespot2152@gmail.com
153,이재혁153,nespot2153@gmail.com
154,이재혁154,nespot2154@gmail.com
155,이재혁155,nespot2155@gmail.com
156,이재혁156,nespot2156@gmail.com
157,이재혁157,nespot2157@gmail.com
158,이재혁158,nespot2158@gmail.com
159,이재혁159,nespot2159@gmail.com
160,이재혁160,nespot2160@gmail.com
161,이재혁161,nespot2161@gmail.com
162,이재혁162,nespot2162@gmail.com
163,이재혁163,nespot2163@gmail.com
164,이재혁164,nespot2164@gmail.com
165,이재혁165,nespot2165@gmail.com
166,이재혁166,nespot2166@gmail.com
167,이재혁167,nespot2167@gmail.com
168,이재혁168,nespot2168@gmail.com
169,이재혁169,nespot2169@gmail.com
170,이재혁170,nespot2170@gmail.com
171,이재혁171,nespot2171@gmail.com
172,이재혁172,nespot2172@gmail.com
173,이재혁173,nespot2173@gmail.com
174,이재혁174,nespot2174@gmail.com
175,이재혁175,nespot2175@gmail.com
176,이재혁176,nespot2176@gmail.com
177,이재혁177,nespot2177@gmail.com
178,이재혁178,nespot2178@gmail.com
179,이재혁179,nespot2179@gmail.com
180,이재혁180,nespot2180@gmail.com
181,이재혁181,nespot2181@gmail.com
182,이재혁182,nespot2182@gmail.com
183,이재혁183,nespot2183@gmail.com
184,이재혁184,nespot2184@gmail.com
185,이재혁185,nespot2185@gmail.com
186,이재혁186,nespot2186@gmail.com
187,이재혁187,nespot2187@gmail.com
188,이재혁188,nespot2188@gmail.com
189,이재혁189,nespot2189@gmail.com
190,이재혁190,nespot2190@gmail.com
191,이재혁191,nespot2191@gmail.com
192,이재혁192,nespot2192@gmail.com
193,이재혁193,nespot2193@gmail.com
194,이재혁194,nespot2194@gmail.com
195,이재혁195,nespot2195@gmail.com
196,이재혁196,nespot2196@gmail.com
197,이재혁197,nespot2197@gmail.com
198,이재혁198,nespot2198@gmail.com
199,이재혁199,nespot2199@gmail.com
200,이재혁200,nespot2200@gmail.com
201,이재혁201,nespot2201@gmail.com
202,이재혁202,nespot2202@gmail.com
203,이재혁203,nespot2203@gmail.com
204,이재혁204,nespot2204@gmail.com
205,이재혁205,nespot2205@gmail.com
206,이재혁206,nespot2206@gmail.com
207,이재혁207,nespot2207@gmail.com
208,이재혁208,nespot2208@gmail.com
209,이재혁209,nespot2209@gmail.com
210,이재혁210,nespot2210@gmail.com
211,이재혁211,nespot2211@gmail.com
212,이재혁212,nespot2212@gmail.com
213,이재혁213,nespot2213@gmail.com
214,이재혁214,nespot2214@gmail.com
215,이재혁215,nespot2215@gmail.com
216,이재혁216,nespot2216@gmail.com
217,이재혁217,nespot2217@gmail.com
218,이재혁218,nespot2218@gmail.com
219,이재혁219,nespot2219@gmail.com
220,이재혁220,nespot2220@gmail.com
221,이재혁221,nespot2221@gmail.com
222,이재혁222,nespot2222@gmail.com
223,이재혁223,nespot2223@gmail.com
224,이재혁224,nespot2224@gmail.com
225,이재혁225,nespot2225@gmail.com
226,이재혁226,nespot2226@gmail.com
227,이재혁227,nespot2227@gmail.com
228,이재혁228,nespot2228@gmail.com
229,이재혁229,nespot2229@gmail.com
230,이재혁230,nespot2230@gmail.com
231,이재혁231,nespot2231@gmail.com
232,이재혁232,nespot2232@gmail.com
233,이재혁233,nespot2233@gmail.com
234,이재혁234,nespot2234@gmail.com
235,이재혁235,nespot2235@gmail.com
236,이재혁236,nespot2236@gmail.com
237,이재혁237,nespot2237@gmail.com
238,이재혁238,nespot2238@gmail.com
239,이재혁239,nespot2239@gmail.com
240,이재혁240,nespot2240@gmail.com
241,이재혁241,nespot2241@gmail.com
242,이재혁242,nespot2242@gmail.com
243,이재혁243,nespot2243@gmail.com
244,이재혁244,nespot2244@gmail.com
245,이재혁245,nespot2245@gmail.com
246,이재혁246,nespot2246@gmail.com
247,이재혁247,nespot2247@gmail.com
248,이재혁248,nespot2248@gmail.com
249,이재혁249,nespot2249@gmail.com
250,이재혁250,nespot2250@gmail.com
251,이재혁251,nespot2251@gmail.com
252,이재혁252,nespot2252@gmail.com
253,이재혁253,nespot2253@gmail.com
254,이재혁254,nespot2254@gmail.com
255,이재혁255,nespot2255@gmail.com
256,이재혁256,nespot2256@gmail.com
257,이재혁257,nespot2257@gmail.com
258,이재혁258,nespot2258@gmail.com
259,이재혁259,nespot2259@gmail.com
260,이재혁260,nespot2260@gmail.com
261,이재혁261,nespot2261@gmail.com
262,이재혁262,nespot2262@gmail.com
263,이재혁263,nespot2263@gmail.com
264,이재혁264,nespot2264@gmail.com
265,이재혁265,nespot2265@gmail.com
266,이재혁266,nespot2266@gmail.com
267,이재혁267,nespot2267@gmail.com
268,이재혁268,nespot2268@gmail.com
269,이재혁269,nespot2269@gmail.com
270,이재혁270,nespot2270@gmail.com
271,이재혁271,nespot2271@gmail.com
272,이재혁272,nespot2272@gmail.com
273,이재혁273,nespot2273@gmail.com
274,이재혁274,nespot2274@gmail.com
275,이재혁275,nespot2275@gmail.com
276,이재혁276,nespot2276@gmail.com
277,이재혁277,nespot2277@gmail.com
278,이재혁278,nespot2278@gmail.com
279,이재혁279,nespot2279@gmail.com
280,이재혁280,nespot2280@gmail.com
281,이재혁281,nespot2281@gmail.com
282,이재혁282,nespot2282@gmail.com
283,이재혁283,nespot2283@gmail.com
284,이재혁284,nespot2284@gmail.com
285,이재혁285,nespot2285@gmail.com
286,이재혁286,nespot2286@gmail.com
287,이재혁287,nespot2287@gmail.com
288,이재혁288,nespot2288@gmail.com
289,이재혁289,nespot2289@gmail.com
290,이재혁290,nespot2290@gmail.com
291,이재혁291,nespot2291@gmail.com
292,이재혁292,nespot2292@gmail.com
293,이재혁293,nespot2293@gmail.com
294,이재혁294,nespot2294@gmail.com
295,이재혁295,nespot2295@gmail.com
296,이재혁296,nespot2296@gmail.com
297,이재혁297,nespot2297@gmail.com
298,이재혁298,nespot2298@gmail.com
299,이재혁299,nespot2299@gmail.com
300,이재혁300,nespot2300@gmail.com
301,이재혁301,nespot2301@gmail.com
302,이재혁302,nespot2302@gmail.com
303,이재혁303,nespot2303@gmail.com
304,이재혁304,nespot2304@gmail.com
305,이재혁305,nespot2305@gmail.com
306,이재혁306,nespot2306@gmail.com
307,이재혁307,nespot2307@gmail.com
308,이재혁308,nespot2308@gmail.com
309,이재혁309,nespot2309@gmail.com
310,이재혁310,nespot2310@gmail.com
311,이재혁311,nespot2311@gmail.com
312,이재혁312,nespot2312@gmail.com
313,이재혁313,nespot2313@gmail.com
314,이재혁314,nespot2314@gmail.com
315,이재혁315,nespot2315@gmail.com
316,이재혁316,nespot2316@gmail.com
317,이재혁317,nespot2317@gmail.com
318,이재혁318,nespot2318@gmail.com
319,이재혁319,nespot2319@gmail.com
320,이재혁320,nespot2320@gmail.com
321,이재혁321,nespot2321@gmail.com
322,이재혁322,nespot2322@gmail.com
323,이재혁323,nespot2323@gmail.com
324,이재혁324,nespot2324@gmail.com
325,이재혁325,nespot2325@gmail.com
326,이재혁326,nespot2326@gmail.com
327,이재혁327,nespot2327@gmail.com
328,이재혁328,nespot2328@gmail.com
329,이재혁329,nespot2329@gmail.com
330,이재혁330,nespot2330@gmail.com
331,이재혁331,nespot2331@gmail.com
332,이재혁332,nespot2332@gmail.com
333,이재혁333,nespot2333@gmail.com
334,이재혁334,nespot2334@gmail.com
335,이재혁335,nespot2335@gmail.com
336,이재혁336,nespot2336@gmail.com
337,이재혁337,nespot2337@gmail.com
338,이재혁338,nespot2338@gmail.com
339,이재혁339,nespot2339@gmail.com
340,이재혁340,nespot2340@gmail.com
341,이재혁341,nespot2341@gmail.com
342,이재혁342,nespot2342@gmail.com
343,이재혁343,nespot2343@gmail.com
344,이재혁344,nespot2344@gmail.com
345,이재혁345,nespot2345@gmail.com
346,이재혁346,nespot2346@gmail.com
347,이재혁347,nespot2347@gmail.com
348,이재혁348,nespot2348@gmail.com
349,이재혁349,nespot2349@gmail.com
350,이재혁350,nespot2350@gmail.com
351,이재혁351,nespot2351@gmail.com
352,이재혁352,nespot2352@gmail.com
353,이재혁353,nespot2353@gmail.com
354,이재혁354,nespot2354@gmail.com
355,이재혁355,nespot2355@gmail.com
356,이재혁356,nespot2356@gmail.com
357,이재혁357,nespot2357@gmail.com
358,이재혁358,nespot2358@gmail.com
359,이재혁359,nespot2359@gmail.com
360,이재혁360,nespot2360@gmail.com
361,이재혁361,nespot2361@gmail.com
362,이재혁362,nespot2362@gmail.com
363,이재혁363,nespot2363@gmail.com
364,이재혁364,nespot2364@gmail.com
365,이재혁365,nespot2365@gmail.com
366,이재혁366,nespot2366@gmail.com
367,이재혁367,nespot2367@gmail.com
368,이재혁368,nespot2368@gmail.com
369,이재혁369,nespot2369@gmail.com
370,이재혁370,nespot2370@gmail.com
371,이재혁371,nespot2371@gmail.com
372,이재혁372,nespot2372@gmail.com
373,이재혁373,nespot2373@gmail.com
374,이재혁374,nespot2374@gmail.com
375,이재혁375,nespot2375@gmail.com
376,이재혁376,nespot2376@gmail.com
377,이재혁377,nespot2377@gmail.com
378,이재혁378,nespot2378@gmail.com
379,이재혁379,nespot2379@gmail.com
380,이재혁380,nespot2380@gmail.com
381,이재혁381,nespot2381@gmail.com
382,이재혁382,nespot2382@gmail.com
383,이재혁383,nespot2383@gmail.com
384,이재혁384,nespot2384@gmail.com
385,이재혁385,nespot2385@gmail.com
386,이재혁386,nespot2386@gmail.com
387,이재혁387,nespot2387@gmail.com
388,이재혁388,nespot2388@gmail.com
389,이재혁389,nespot2389@gmail.com
390,이재혁390,nespot2390@gmail.com
391,이재혁391,nespot2391@gmail.com
392,이재혁392,nespot2392@gmail.com
393,이재혁393,nespot2393@gmail.com
394,이재혁394,nespot2394@gmail.com
395,이재혁395,nespot2395@gmail.com
396,이재혁396,nespot2396@gmail.com
397,이재혁397,nespot2397@gmail.com
398,이재혁398,nespot2398@gmail.com
399,이재혁399,nespot2399@gmail.com
400,이재혁400,nespot2400@gmail.com
401,이재혁401,nespot2401@gmail.com
402,이재혁402,nespot2402@gmail.com
403,이재혁403,nespot2403@gmail.com
404,이재혁404,nespot2404@gmail.com
405,이재혁405,nespot2405@gmail.com
406,이재혁406,nespot2406@gmail.com
407,이재혁407,nespot2407@gmail.com
408,이재혁408,nespot2408@gmail.com
409,이재혁409,nespot2409@gmail.com
410,이재혁410,nespot2410@gmail.com
411,이재혁411,nespot2411@gmail.com
412,이재혁412,nespot2412@gmail.com
413,이재혁413,nespot2413@gmail.com
414,이재혁414,nespot2414@gmail.com
415,이재혁415,nespot2415@gmail.com
416,이재혁416,nespot2416@gmail.com
417,이재혁417,nespot2417@gmail.com
418,이재혁418,nespot2418@gmail.com
419,이재혁419,nespot2419@gmail.com
420,이재혁420,nespot2420@gmail.com
421,이재혁421,nespot2421@gmail.com
422,이재혁422,nespot2422@gmail.com
423,이재혁423,nespot2423@gmail.com
424,이재혁424,nespot2424@gmail.com
425,이재혁425,nespot2425@gmail.com
426,이재혁426,nespot2426@gmail.com
427,이재혁427,nespot2427@gmail.com
428,이재혁428,nespot2428@gmail.com
429,이재혁429,nespot2429@gmail.com
430,이재혁430,nespot2430@gmail.com
431,이재혁431,nespot2431@gmail.com
432,이재혁432,nespot2432@gmail.com
433,이재혁433,nespot2433@gmail.com
434,이재혁434,nespot2434@gmail.com
435,이재혁435,nespot2435@gmail.com
436,이재혁436,nespot2436@gmail.com
437,이재혁437,nespot2437@gmail.com
438,이재혁438,nespot2438@gmail.com
439,이재혁439,nespot2439@gmail.com
440,이재혁440,nespot2440@gmail.com
441,이재혁441,nespot2441@gmail.com
442,이재혁442,nespot2442@gmail.com
443,이재혁443,nespot2443@gmail.com
444,이재혁444,nespot2444@gmail.com
445,이재혁445,nespot2445@gmail.com
446,이재혁446,nespot2446@gmail.com
447,이재혁447,nespot2447@gmail.com
448,이재혁448,nespot2448@gmail.com
449,이재혁449,nespot2449@gmail.com
450,이재혁450,nespot2450@gmail.com
451,이재혁451,nespot2451@gmail.com
452,이재혁452,nespot2452@gmail.com
453,이재혁453,nespot2453@gmail.com
454,이재혁454,nespot2454@gmail.com
455,이재혁455,nespot2455@gmail.com
456,이재혁456,nespot2456@gmail.com
457,이재혁457,nespot2457@gmail.com
458,이재혁458,nespot2458@gmail.com
459,이재혁459,nespot2459@gmail.com
460,이재혁460,nespot2460@gmail.com
461,이재혁461,nespot2461@gmail.com
462,이재혁462,nespot2462@gmail.com
463,이재혁463,nespot2463@gmail.com
464,이재혁464,nespot2464@gmail.com
465,이재혁465,nespot2465@gmail.com
466,이재혁466,nespot2466@gmail.com
467,이재혁467,nespot2467@gmail.com
468,이재혁468,nespot2468@gmail.com
469,이재혁469,nespot2469@gmail.com
470,이재혁470,nespot2470@gmail.com
471,이재혁471,nespot2471@gmail.com
472,이재혁472,nespot2472@gmail.com
473,이재혁473,nespot2473@gmail.com
474,이재혁474,nespot2474@gmail.com
475,이재혁475,nespot2475@gmail.com
476,이재혁476,nespot2476@gmail.com
477,이재혁477,nespot2477@gmail.com
478,이재혁478,nespot2478@gmail.com
479,이재혁479,nespot2479@gmail.com
480,이재혁480,nespot2480@gmail.com
481,이재혁481,nespot2481@gmail.com
482,이재혁482,nespot2482@gmail.com
483,이재혁483,nespot2483@gmail.com
484,이재혁484,nespot2484@gmail.com
485,이재혁485,nespot2485@gmail.com
486,이재혁486,nespot2486@gmail.com
487,이재혁487,nespot2487@gmail.com
488,이재혁488,nespot2488@gmail.com
489,이재혁489,nespot2489@gmail.com
490,이재혁490,nespot2490@gmail.com
491,이재혁491,nespot2491@gmail.com
492,이재혁492,nespot2492@gmail.com
493,이재혁493,nespot2493@gmail.com
494,이재혁494,nespot2494@gmail.com
495,이재혁495,nespot2495@gmail.com
496,이재혁496,nespot2496@gmail.com
497,이재혁497,nespot2497@gmail.com
498,이재혁498,nespot2498@gmail.com
499,이재혁499,nespot2499@gmail.com
500,이재혁500,nespot2500@gmail.com
501,이재혁501,nespot2501@gmail.com
502,이재혁502,nespot2502@gmail.com
503,이재혁503,nespot2503@gmail.com
504,이재혁504,nespot2504@gmail.com
505,이재혁505,nespot2505@gmail.com
506,이재혁506,nespot2506@gmail.com
507,이재혁507,nespot2507@gmail.com
508,이재혁508,nespot2508@gmail.com
509,이재혁509,nespot2509@gmail.com
510,이재혁510,nespot2510@gmail.com
511,이재혁511,nespot2511@gmail.com
512,이재혁512,nespot2512@gmail.com
513,이재혁513,nespot2513@gmail.com
514,이재혁514,nespot2514@gmail.com
515,이재혁515,nespot2515@gmail.com
516,이재혁516,nespot2516@gmail.com
517,이재혁517,nespot2517@gmail.com
518,이재혁518,nespot2518@gmail.com
519,이재혁519,nespot2519@gmail.com
520,이재혁520,nespot2520@gmail.com
521,이재혁521,nespot2521@gmail.com
522,이재혁522,nespot2522@gmail.com
523,이재혁523,nespot2523@gmail.com
524,이재혁524,nespot2524@gmail.com
525,이재혁525,nespot2525@gmail.com
526,이재혁526,nespot2526@gmail.com
527,이재혁527,nespot2527@gmail.com
528,이재혁528,nespot2528@gmail.com
529,이재혁529,nespot2529@gmail.com
530,이재혁530,nespot2530@gmail.com
531,이재혁531,nespot2531@gmail.com
532,이재혁532,nespot2532@gmail.com
533,이재혁533,nespot2533@gmail.com
534,이재혁534,nespot2534@gmail.com
535,이재혁535,nespot2535@gmail.com
536,이재혁536,nespot2536@gmail.com
537,이재혁537,nespot2537@gmail.com
538,이재혁538,nespot2538@gmail.com
539,이재혁539,nespot2539@gmail.com
540,이재혁540,nespot2540@gmail.com
541,이재혁541,nespot2541@gmail.com
542,이재혁542,nespot2542@gmail.com
543,이재혁543,nespot2543@gmail.com
544,이재혁544,nespot2544@gmail.com
545,이재혁545,nespot2545@gmail.com
546,이재혁546,nespot2546@gmail.com
547,이재혁547,nespot2547@gmail.com
548,이재혁548,nespot2548@gmail.com
549,이재혁549,nespot2549@gmail.com
550,이재혁550,nespot2550@gmail.com
551,이재혁551,nespot2551@gmail.com
552,이재혁552,nespot2552@gmail.com
553,이재혁553,nespot2553@gmail.com
554,이재혁554,nespot2554@gmail.com
555,이재혁555,nespot2555@gmail.com
556,이재혁556,nespot2556@gmail.com
557,이재혁557,nespot2557@gmail.com
558,이재혁558,nespot2558@gmail.com
559,이재혁559,nespot2559@gmail.com
560,이재혁560,nespot2560@gmail.com
561,이재혁561,nespot2561@gmail.com
562,이재혁562,nespot2562@gmail.com
563,이재혁563,nespot2563@gmail.com
564,이재혁564,nespot2564@gmail.com
565,이재혁565,nespot2565@gmail.com
566,이재혁566,nespot2566@gmail.com
567,이재혁567,nespot2567@gmail.com
568,이재혁568,nespot2568@gmail.com
569,이재혁569,nespot2569@gmail.com
570,이재혁570,nespot2570@gmail.com
571,이재혁571,nespot2571@gmail.com
572,이재혁572,nespot2572@gmail.com
573,이재혁573,nespot2573@gmail.com
574,이재혁574,nespot2574@gmail.com
575,이재혁575,nespot2575@gmail.com
576,이재혁576,nespot2576@gmail.com
577,이재혁577,nespot2577@gmail.com
578,이재혁578,nespot2578@gmail.com
579,이재혁579,nespot2579@gmail.com
580,이재혁580,nespot2580@gmail.com
581,이재혁581,nespot2581@gmail.com
582,이재혁582,nespot2582@gmail.com
583,이재혁583,nespot2583@gmail.com
584,이재혁584,nespot2584@gmail.com
585,이재혁585,nespot2585@gmail.com
586,이재혁586,nespot2586@gmail.com
587,이재혁587,nespot2587@gmail.com
588,이재혁588,nespot2588@gmail.com
589,이재혁589,nespot2589@gmail.com
590,이재혁590,nespot2590@gmail.com
591,이재혁591,nespot2591@gmail.com
592,이재혁592,nespot2592@gmail.com
593,이재혁593,nespot2593@gmail.com
594,이재혁594,nespot2594@gmail.com
595,이재혁595,nespot2595@gmail.com
596,이재혁596,nespot2596@gmail.com
597,이재혁597,nespot2597@gmail.com
598,이재혁598,nespot2598@gmail.com
599,이재혁599,nespot2599@gmail.com
600,이재혁600,nespot2600@gmail.com
601,이재혁601,nespot2601@gmail.com
602,이재혁602,nespot2602@gmail.com
603,이재혁603,nespot2603@gmail.com
604,이재혁604,nespot2604@gmail.com
605,이재혁605,nespot2605@gmail.com
606,이재혁606,nespot2606@gmail.com
607,이재혁607,nespot2607@gmail.com
608,이재혁608,nespot2608@gmail.com
609,이재혁609,nespot2609@gmail.com
610,이재혁610,nespot2610@gmail.com
611,이재혁611,nespot2611@gmail.com
612,이재혁612,nespot2612@gmail.com
613,이재혁613,nespot2613@gmail.com
614,이재혁614,nespot2614@gmail.com
615,이재혁615,nespot2615@gmail.com
616,이재혁616,nespot2616@gmail.com
617,이재혁617,nespot2617@gmail.com
618,이재혁618,nespot2618@gmail.com
619,이재혁619,nespot2619@gmail.com
620,이재혁620,nespot2620@gmail.com
621,이재혁621,nespot2621@gmail.com
622,이재혁622,nespot2622@gmail.com
623,이재혁623,nespot2623@gmail.com
624,이재혁624,nespot2624@gmail.com
625,이재혁625,nespot2625@gmail.com
626,이재혁626,nespot2626@gmail.com
627,이재혁627,nespot2627@gmail.com
628,이재혁628,nespot2628@gmail.com
629,이재혁629,nespot2629@gmail.com
630,이재혁630,nespot2630@gmail.com
631,이재혁631,nespot2631@gmail.com
632,이재혁632,nespot2632@gmail.com
633,이재혁633,nespot2633@gmail.com
634,이재혁634,nespot2634@gmail.com
635,이재혁635,nespot2635@gmail.com
636,이재혁636,nespot2636@gmail.com
637,이재혁637,nespot2637@gmail.com
638,이재혁638,nespot2638@gmail.com
639,이재혁639,nespot2639@gmail.com
640,이재혁640,nespot2640@gmail.com
641,이재혁641,nespot2641@gmail.com
642,이재혁642,nespot2642@gmail.com
643,이재혁643,nespot2643@gmail.com
644,이재혁644,nespot2644@gmail.com
645,이재혁645,nespot2645@gmail.com
646,이재혁646,nespot2646@gmail.com
647,이재혁647,nespot2647@gmail.com
648,이재혁648,nespot2648@gmail.com
649,이재혁649,nespot2649@gmail.com
650,이재혁650,nespot2650@gmail.com
651,이재혁651,nespot2651@gmail.com
652,이재혁652,nespot2652@gmail.com
653,이재혁653,nespot2653@gmail.com
654,이재혁654,nespot2654@gmail.com
655,이재혁655,nespot2655@gmail.com
656,이재혁656,nespot2656@gmail.com
657,이재혁657,nespot2657@gmail.com
658,이재혁658,nespot2658@gmail.com
659,이재혁659,nespot2659@gmail.com
660,이재혁660,nespot2660@gmail.com
661,이재혁661,nespot2661@gmail.com
662,이재혁662,nespot2662@gmail.com
663,이재혁663,nespot2663@gmail.com
664,이재혁664,nespot2664@gmail.com
665,이재혁665,nespot2665@gmail.com
666,이재혁666,nespot2666@gmail.com
667,이재혁667,nespot2667@gmail.com
668,이재혁668,nespot2668@gmail.com
669,이재혁669,nespot2669@gmail.com
670,이재혁670,nespot2670@gmail.com
671,이재혁671,nespot2671@gmail.com
672,이재혁672,nespot2672@gmail.com
673,이재혁673,nespot2673@gmail.com
674,이재혁674,nespot2674@gmail.com
675,이재혁675,nespot2675@gmail.com
676,이재혁676,nespot2676@gmail.com
677,이재혁677,nespot2677@gmail.com
678,이재혁678,nespot2678@gmail.com
679,이재혁679,nespot2679@gmail.com
680,이재혁680,nespot2680@gmail.com
681,이재혁681,nespot2681@gmail.com
682,이재혁682,nespot2682@gmail.com
683,이재혁683,nespot2683@gmail.com
684,이재혁684,nespot2684@gmail.com
685,이재혁685,nespot2685@gmail.com
686,이재혁686,nespot2686@gmail.com
687,이재혁687,nespot2687@gmail.com
688,이재혁688,nespot2688@gmail.com
689,이재혁689,nespot2689@gmail.com
690,이재혁690,nespot2690@gmail.com
691,이재혁691,nespot2691@gmail.com
692,이재혁692,nespot2692@gmail.com
693,이재혁693,nespot2693@gmail.com
694,이재혁694,nespot2694@gmail.com
695,이재혁695,nespot2695@gmail.com
696,이재혁696,nespot2696@gmail.com
697,이재혁697,nespot2697@gmail.com
698,이재혁698,nespot2698@gmail.com
699,이재혁699,nespot2699@gmail.com
700,이재혁700,nespot2700@gmail.com
701,이재혁701,nespot2701@gmail.com
702,이재혁702,nespot2702@gmail.com
703,이재혁703,nespot2703@gmail.com
704,이재혁704,nespot2704@gmail.com
705,이재혁705,nespot2705@gmail.com
706,이재혁706,nespot2706@gmail.com
707,이재혁707,nespot2707@gmail.com
708,이재혁708,nespot2708@gmail.com
709,이재혁709,nespot2709@gmail.com
710,이재혁710,nespot2710@gmail.com
711,이재혁711,nespot2711@gmail.com
712,이재혁712,nespot2712@gmail.com
713,이재혁713,nespot2713@gmail.com
714,이재혁714,nespot2714@gmail.com
715,이재혁715,nespot2715@gmail.com
716,이재혁716,nespot2716@gmail.com
717,이재혁717,nespot2717@gmail.com
718,이재혁718,nespot2718@gmail.com
719,이재혁719,nespot2719@gmail.com
720,이재혁720,nespot2720@gmail.com
721,이재혁721,nespot2721@gmail.com
722,이재혁722,nespot2722@gmail.com
723,이재혁723,nespot2723@gmail.com
724,이재혁724,nespot2724@gmail.com
725,이재혁725,nespot2725@gmail.com
726,이재혁726,nespot2726@gmail.com
727,이재혁727,nespot2727@gmail.com
728,이재혁728,nespot2728@gmail.com
729,이재혁729,nespot2729@gmail.com
730,이재혁730,nespot2730@gmail.com
731,이재혁731,nespot2731@gmail.com
732,이재혁732,nespot2732@gmail.com
733,이재혁733,nespot2733@gmail.com
734,이재혁734,nespot2734@gmail.com
735,이재혁735,nespot2735@gmail.com
736,이재혁736,nespot2736@gmail.com
737,이재혁737,nespot2737@gmail.com
738,이재혁738,nespot2738@gmail.com
739,이재혁739,nespot2739@gmail.com
740,이재혁740,nespot2740@gmail.com
741,이재혁741,nespot2741@gmail.com
742,이재혁742,nespot2742@gmail.com
743,이재혁743,nespot2743@gmail.com
744,이재혁744,nespot2744@gmail.com
745,이재혁745,nespot2745@gmail.com
746,이재혁746,nespot2746@gmail.com
747,이재혁747,nespot2747@gmail.com
748,이재혁748,nespot2748@gmail.com
749,이재혁749,nespot2749@gmail.com
750,이재혁750,nespot2750@gmail.com
751,이재혁751,nespot2751@gmail.com
752,이재혁752,nespot2752@gmail.com
753,이재혁753,nespot2753@gmail.com
754,이재혁754,nespot2754@gmail.com
755,이재혁755,nespot2755@gmail.com
756,이재혁756,nespot2756@gmail.com
757,이재혁757,nespot2757@gmail.com
758,이재혁758,nespot2758@gmail.com
759,이재혁759,nespot2759@gmail.com
760,이재혁760,nespot2760@gmail.com
761,이재혁761,nespot2761@gmail.com
762,이재혁762,nespot2762@gmail.com
763,이재혁763,nespot2763@gmail.com
764,이재혁764,nespot2764@gmail.com
765,이재혁765,nespot2765@gmail.com
766,이재혁766,nespot2766@gmail.com
767,이재혁767,nespot2767@gmail.com
768,이재혁768,nespot2768@gmail.com
769,이재혁769,nespot2769@gmail.com
770,이재혁770,nespot2770@gmail.com
771,이재혁771,nespot2771@gmail.com
772,이재혁772,nespot2772@gmail.com
773,이재혁773,nespot2773@gmail.com
774,이재혁774,nespot2774@gmail.com
775,이재혁775,nespot2775@gmail.com
776,이재혁776,nespot2776@gmail.com
777,이재혁777,nespot2777@gmail.com
778,이재혁778,nespot2778@gmail.com
779,이재혁779,nespot2779@gmail.com
780,이재혁780,nespot2780@gmail.com
781,이재혁781,nespot2781@gmail.com
782,이재혁782,nespot2782@gmail.com
783,이재혁783,nespot2783@gmail.com
784,이재혁784,nespot2784@gmail.com
785,이재혁785,nespot2785@gmail.com
786,이재혁786,nespot2786@gmail.com
787,이재혁787,nespot2787@gmail.com
788,이재혁788,nespot2788@gmail.com
789,이재혁789,nespot2789@gmail.com
790,이재혁790,nespot2790@gmail.com
791,이재혁791,nespot2791@gmail.com
792,이재혁792,nespot2792@gmail.com
793,이재혁793,nespot2793@gmail.com
794,이재혁794,nespot2794@gmail.com
795,이재혁795,nespot2795@gmail.com
796,이재혁796,nespot2796@gmail.com
797,이재혁797,nespot2797@gmail.com
798,이재혁798,nespot2798@gmail.com
799,이재혁799,nespot2799@gmail.com
800,이재혁800,nespot2800@gmail.com
801,이재혁801,nespot2801@gmail.com
802,이재혁802,nespot2802@gmail.com
803,이재혁803,nespot2803@gmail.com
804,이재혁804,nespot2804@gmail.com
805,이재혁805,nespot2805@gmail.com
806,이재혁806,nespot2806@gmail.com
807,이재혁807,nespot2807@gmail.com
808,이재혁808,nespot2808@gmail.com
809,이재혁809,nespot2809@gmail.com
810,이재혁810,nespot2810@gmail.com
811,이재혁811,nespot2811@gmail.com
812,이재혁812,nespot2812@gmail.com
813,이재혁813,nespot2813@gmail.com
814,이재혁814,nespot2814@gmail.com
815,이재혁815,nespot2815@gmail.com
816,이재혁816,nespot2816@gmail.com
817,이재혁817,nespot2817@gmail.com
818,이재혁818,nespot2818@gmail.com
819,이재혁819,nespot2819@gmail.com
820,이재혁820,nespot2820@gmail.com
821,이재혁821,nespot2821@gmail.com
822,이재혁822,nespot2822@gmail.com
823,이재혁823,nespot2823@gmail.com
824,이재혁824,nespot2824@gmail.com
825,이재혁825,nespot2825@gmail.com
826,이재혁826,nespot2826@gmail.com
827,이재혁827,nespot2827@gmail.com
828,이재혁828,nespot2828@gmail.com
829,이재혁829,nespot2829@gmail.com
830,이재혁830,nespot2830@gmail.com
831,이재혁831,nespot2831@gmail.com
832,이재혁832,nespot2832@gmail.com
833,이재혁833,nespot2833@gmail.com
834,이재혁834,nespot2834@gmail.com
835,이재혁835,nespot2835@gmail.com
836,이재혁836,nespot2836@gmail.com
837,이재혁837,nespot2837@gmail.com
838,이재혁838,nespot2838@gmail.com
839,이재혁839,nespot2839@gmail.com
840,이재혁840,nespot2840@gmail.com
841,이재혁841,nespot2841@gmail.com
842,이재혁842,nespot2842@gmail.com
843,이재혁843,nespot2843@gmail.com
844,이재혁844,nespot2844@gmail.com
845,이재혁845,nespot2845@gmail.com
846,이재혁846,nespot2846@gmail.com
847,이재혁847,nespot2847@gmail.com
848,이재혁848,nespot2848@gmail.com
849,이재혁849,nespot2849@gmail.com
850,이재혁850,nespot2850@gmail.com
851,이재혁851,nespot2851@gmail.com
852,이재혁852,nespot2852@gmail.com
853,이재혁853,nespot2853@gmail.com
854,이재혁854,nespot2854@gmail.com
855,이재혁855,nespot2855@gmail.com
856,이재혁856,nespot2856@gmail.com
857,이재혁857,nespot2857@gmail.com
858,이재혁858,nespot2858@gmail.com
859,이재혁859,nespot2859@gmail.com
860,이재혁860,nespot2860@gmail.com
861,이재혁861,nespot2861@gmail.com
862,이재혁862,nespot2862@gmail.com
863,이재혁863,nespot2863@gmail.com
864,이재혁864,nespot2864@gmail.com
865,이재혁865,nespot2865@gmail.com
866,이재혁866,nespot2866@gmail.com
867,이재혁867,nespot2867@gmail.com
868,이재혁868,nespot2868@gmail.com
869,이재혁869,nespot2869@gmail.com
870,이재혁870,nespot2870@gmail.com
871,이재혁871,nespot2871@gmail.com
872,이재혁872,nespot2872@gmail.com
873,이재혁873,nespot2873@gmail.com
874,이재혁874,nespot2874@gmail.com
875,이재혁875,nespot2875@gmail.com
876,이재혁876,nespot2876@gmail.com
877,이재혁877,nespot2877@gmail.com
878,이재혁878,nespot2878@gmail.com
879,이재혁879,nespot2879@gmail.com
880,이재혁880,nespot2880@gmail.com
881,이재혁881,nespot2881@gmail.com
882,이재혁882,nespot2882@gmail.com
883,이재혁883,nespot2883@gmail.com
884,이재혁884,nespot2884@gmail.com
885,이재혁885,nespot2885@gmail.com
886,이재혁886,nespot2886@gmail.com
887,이재혁887,nespot2887@gmail.com
888,이재혁888,nespot2888@gmail.com
889,이재혁889,nespot2889@gmail.com
890,이재혁890,nespot2890@gmail.com
891,이재혁891,nespot2891@gmail.com
892,이재혁892,nespot2892@gmail.com
893,이재혁893,nespot2893@gmail.com
894,이재혁894,nespot2894@gmail.com
895,이재혁895,nespot2895@gmail.com
896,이재혁896,nespot2896@gmail.com
897,이재혁897,nespot2897@gmail.com
898,이재혁898,nespot2898@gmail.com
899,이재혁899,nespot2899@gmail.com
900,이재혁900,nespot2900@gmail.com
901,이재혁901,nespot2901@gmail.com
902,이재혁902,nespot2902@gmail.com
903,이재혁903,nespot2903@gmail.com
904,이재혁904,nespot2904@gmail.com
905,이재혁905,nespot2905@gmail.com
906,이재혁906,nespot2906@gmail.com
907,이재혁907,nespot2907@gmail.com
908,이재혁908,nespot2908@gmail.com
909,이재혁909,nespot2909@gmail.com
910,이재혁910,nespot2910@gmail.com
911,이재혁911,nespot2911@gmail.com
912,이재혁912,nespot2912@gmail.com
913,이재혁913,nespot2913@gmail.com
914,이재혁914,nespot2914@gmail.com
915,이재혁915,nespot2915@gmail.com
916,이재혁916,nespot2916@gmail.com
917,이재혁917,nespot2917@gmail.com
918,이재혁918,nespot2918@gmail.com
919,이재혁919,nespot2919@gmail.com
920,이재혁920,nespot2920@gmail.com
921,이재혁921,nespot2921@gmail.com
922,이재혁922,nespot2922@gmail.com
923,이재혁923,nespot2923@gmail.com
924,이재혁924,nespot2924@gmail.com
925,이재혁925,nespot2925@gmail.com
926,이재혁926,nespot2926@gmail.com
927,이재혁927,nespot2927@gmail.com
928,이재혁928,nespot2928@gmail.com
929,이재혁929,nespot2929@gmail.com
930,이재혁930,nespot2930@gmail.com
931,이재혁931,nespot2931@gmail.com
932,이재혁932,nespot2932@gmail.com
933,이재혁933,nespot2933@gmail.com
934,이재혁934,nespot2934@gmail.com
935,이재혁935,nespot2935@gmail.com
936,이재혁936,nespot2936@gmail.com
937,이재혁937,nespot2937@gmail.com
938,이재혁938,nespot2938@gmail.com
939,이재혁939,nespot2939@gmail.com
940,이재혁940,nespot2940@gmail.com
941,이재혁941,nespot2941@gmail.com
942,이재혁942,nespot2942@gmail.com
943,이재혁943,nespot2943@gmail.com
944,이재혁944,nespot2944@gmail.com
945,이재혁945,nespot2945@gmail.com
946,이재혁946,nespot2946@gmail.com
947,이재혁947,nespot2947@gmail.com
948,이재혁948,nespot2948@gmail.com
949,이재혁949,nespot2949@gmail.com
950,이재혁950,nespot2950@gmail.com
951,이재혁951,nespot2951@gmail.com
952,이재혁952,nespot2952@gmail.com
953,이재혁953,nespot2953@gmail.com
954,이재혁954,nespot2954@gmail.com
955,이재혁955,nespot2955@gmail.com
956,이재혁956,nespot2956@gmail.com
957,이재혁957,nespot2957@gmail.com
958,이재혁958,nespot2958@gmail.com
959,이재혁959,nespot2959@gmail.com
960,이재혁960,nespot2960@gmail.com
961,이재혁961,nespot2961@gmail.com
962,이재혁962,nespot2962@gmail.com
963,이재혁963,nespot2963@gmail.com
964,이재혁964,nespot2964@gmail.com
965,이재혁965,nespot2965@gmail.com
966,이재혁966,nespot2966@gmail.com
967,이재혁967,nespot2967@gmail.com
968,이재혁968,nespot2968@gmail.com
969,이재혁969,nespot2969@gmail.com
970,이재혁970,nespot2970@gmail.com
971,이재혁971,nespot2971@gmail.com
972,이재혁972,nespot2972@gmail.com
973,이재혁973,nespot2973@gmail.com
974,이재혁974,nespot2974@gmail.com
975,이재혁975,nespot2975@gmail.com
976,이재혁976,nespot2976@gmail.com
977,이재혁977,nespot2977@gmail.com
978,이재혁978,nespot2978@gmail.com
979,이재혁979,nespot2979@gmail.com
980,이재혁980,nespot2980@gmail.com
981,이재혁981,nespot2981@gmail.com
982,이재혁982,nespot2982@gmail.com
983,이재혁983,nespot2983@gmail.com
984,이재혁984,nespot2984@gmail.com
985,이재혁985,nespot2985@gmail.com
986,이재혁986,nespot2986@gmail.com
987,이재혁987,nespot2987@gmail.com
988,이재혁988,nespot2988@gmail.com
989,이재혁989,nespot2989@gmail.com
990,이재혁990,nespot2990@gmail.com
991,이재혁991,nespot2991@gmail.com
992,이재혁992,nespot2992@gmail.com
993,이재혁993,nespot2993@gmail.com
994,이재혁994,nespot2994@gmail.com
995,이재혁995,nespot2995@gmail.com
996,이재혁996,nespot2996@gmail.com
997,이재혁997,nespot2997@gmail.com
998,이재혁998,nespot2998@gmail.com
999,이재혁999,nespot2999@gmail.com
1000,이재혁1000,nespot21000@gmail.com